stationId,station,period,month,label,highF,lowF,meanF,precipIn,tempCompleteness,tempAvailableYears,precipCompleteness,precipAvailableYears
USW00023174,LAX · coast,1991–2020,1,Jan,66.3,49.4,57.9,2.86,S,27,S,30
USW00023174,LAX · coast,1991–2020,2,Feb,65.6,50.1,57.9,2.99,S,27,S,30
USW00023174,LAX · coast,1991–2020,3,Mar,66.1,52.2,59.1,1.73,S,26,S,30
USW00023174,LAX · coast,1991–2020,4,Apr,68.1,54.2,61.1,0.6,S,26,S,30
USW00023174,LAX · coast,1991–2020,5,May,69.5,57.6,63.6,0.28,S,26,S,30
USW00023174,LAX · coast,1991–2020,6,Jun,72.0,60.9,66.4,0.08,S,26,S,30
USW00023174,LAX · coast,1991–2020,7,Jul,75.1,64.0,69.6,0.04,S,26,S,30
USW00023174,LAX · coast,1991–2020,8,Aug,76.7,64.8,70.7,0.0,S,26,S,30
USW00023174,LAX · coast,1991–2020,9,Sep,76.5,63.7,70.1,0.11,S,27,S,30
USW00023174,LAX · coast,1991–2020,10,Oct,74.4,59.8,67.1,0.49,S,26,S,30
USW00023174,LAX · coast,1991–2020,11,Nov,70.9,53.7,62.3,0.82,S,26,S,30
USW00023174,LAX · coast,1991–2020,12,Dec,66.1,49.1,57.6,2.23,S,26,S,30
USW00093134,Downtown / USC · historical series,1991–2020,1,Jan,68.0,48.9,58.4,3.29,S,26,S,30
USW00093134,Downtown / USC · historical series,1991–2020,2,Feb,68.0,50.0,59.0,3.64,S,26,S,30
USW00093134,Downtown / USC · historical series,1991–2020,3,Mar,69.9,52.4,61.1,2.23,S,26,S,30
USW00093134,Downtown / USC · historical series,1991–2020,4,Apr,72.4,54.8,63.6,0.69,S,26,S,30
USW00093134,Downtown / USC · historical series,1991–2020,5,May,73.7,58.1,65.9,0.32,S,26,S,30
USW00093134,Downtown / USC · historical series,1991–2020,6,Jun,77.2,61.4,69.3,0.09,S,26,S,30
USW00093134,Downtown / USC · historical series,1991–2020,7,Jul,82.0,64.7,73.3,0.02,S,27,S,30
USW00093134,Downtown / USC · historical series,1991–2020,8,Aug,84.0,65.4,74.7,0.0,S,28,S,30
USW00093134,Downtown / USC · historical series,1991–2020,9,Sep,83.0,64.2,73.6,0.13,S,27,S,30
USW00093134,Downtown / USC · historical series,1991–2020,10,Oct,78.6,59.9,69.3,0.58,S,27,S,30
USW00093134,Downtown / USC · historical series,1991–2020,11,Nov,72.9,53.1,63.0,0.78,S,26,S,30
USW00093134,Downtown / USC · historical series,1991–2020,12,Dec,67.4,48.2,57.8,2.48,S,26,S,30
USW00023152,Burbank airport · inland valley,1991–2020,1,Jan,67.0,45.3,56.1,2.97,R,20,R,22
USW00023152,Burbank airport · inland valley,1991–2020,2,Feb,66.8,46.4,56.6,3.95,R,20,R,20
USW00023152,Burbank airport · inland valley,1991–2020,3,Mar,69.5,49.0,59.3,2.43,R,20,R,20
USW00023152,Burbank airport · inland valley,1991–2020,4,Apr,72.7,51.9,62.3,0.74,R,20,R,21
USW00023152,Burbank airport · inland valley,1991–2020,5,May,75.5,56.6,66.1,0.29,R,20,R,22
USW00023152,Burbank airport · inland valley,1991–2020,6,Jun,80.3,59.9,70.1,0.09,R,21,R,23
USW00023152,Burbank airport · inland valley,1991–2020,7,Jul,86.7,64.5,75.6,0.01,R,21,R,23
USW00023152,Burbank airport · inland valley,1991–2020,8,Aug,88.9,64.9,76.9,0.01,R,20,R,23
USW00023152,Burbank airport · inland valley,1991–2020,9,Sep,86.6,62.9,74.7,0.11,R,20,R,22
USW00023152,Burbank airport · inland valley,1991–2020,10,Oct,79.4,57.5,68.4,0.6,R,20,R,23
USW00023152,Burbank airport · inland valley,1991–2020,11,Nov,72.5,49.0,60.7,0.69,R,21,R,20
USW00023152,Burbank airport · inland valley,1991–2020,12,Dec,66.1,44.2,55.1,2.02,R,21,R,20
USW00023129,Long Beach airport · coastal plain,1991–2020,1,Jan,67.4,46.9,57.1,2.89,S,25,S,30
USW00023129,Long Beach airport · coastal plain,1991–2020,2,Feb,66.8,48.4,57.6,3.02,S,25,S,30
USW00023129,Long Beach airport · coastal plain,1991–2020,3,Mar,68.6,51.2,59.9,1.65,S,25,S,30
USW00023129,Long Beach airport · coastal plain,1991–2020,4,Apr,71.4,53.9,62.7,0.56,S,25,S,30
USW00023129,Long Beach airport · coastal plain,1991–2020,5,May,73.1,57.9,65.5,0.26,S,26,S,30
USW00023129,Long Beach airport · coastal plain,1991–2020,6,Jun,76.1,61.3,68.7,0.07,S,26,S,30
USW00023129,Long Beach airport · coastal plain,1991–2020,7,Jul,81.4,64.9,73.1,0.05,S,25,S,30
USW00023129,Long Beach airport · coastal plain,1991–2020,8,Aug,83.2,65.5,74.3,0.01,S,24,S,30
USW00023129,Long Beach airport · coastal plain,1991–2020,9,Sep,82.4,63.9,73.1,0.08,S,25,S,30
USW00023129,Long Beach airport · coastal plain,1991–2020,10,Oct,77.7,59.1,68.4,0.53,S,25,S,29
USW00023129,Long Beach airport · coastal plain,1991–2020,11,Nov,72.5,51.6,62.0,0.75,S,24,S,30
USW00023129,Long Beach airport · coastal plain,1991–2020,12,Dec,66.7,46.6,56.7,2.15,S,24,S,30
