station,year,periodType,expectedDays,precipAcceptedDays,precipIn,tmaxAcceptedDays,peakHighF,peakDate,daysRoundedHighAtLeast90F
lax,1991,calendar year,365,365,11.05,365,95.0,1991-10-10,3
lax,1992,calendar year,366,366,16.58,366,91.9,1992-07-08,3
lax,1993,calendar year,365,365,20.67,365,91.0,1993-11-02,2
lax,1994,calendar year,365,365,8.07,365,98.1,1994-10-08,6
lax,1995,calendar year,365,365,23.29,365,93.0,1995-10-02,3
lax,1996,calendar year,366,366,16.1,366,97.0,1996-08-30,7
lax,1997,calendar year,365,365,12.04,365,97.0,1997-10-15,9
lax,1998,calendar year,365,365,27.07,365,95.0,1998-09-01,3
lax,1999,calendar year,365,365,6.92,365,95.0,1999-10-20,4
lax,2000,calendar year,366,366,11.03,366,93.0,2000-09-12,1
lax,2001,calendar year,365,365,17.01,365,84.0,2001-02-04,0
lax,2002,calendar year,365,365,5.03,365,89.1,2002-02-21,0
lax,2003,calendar year,365,365,9.55,365,91.0,2003-01-31,2
lax,2004,calendar year,366,366,16.34,366,100.9,2004-09-05,6
lax,2005,calendar year,365,365,18.82,365,96.1,2005-09-29,5
lax,2006,calendar year,365,365,9.2,365,93.9,2006-06-27,3
lax,2007,calendar year,365,365,4.9,364,93.9,2007-10-24,
lax,2008,calendar year,366,366,11.02,366,96.1,2008-04-13,11
lax,2009,calendar year,365,365,7.47,365,95.0,2009-04-20,5
lax,2010,calendar year,365,365,20.05,365,105.1,2010-09-27,4
lax,2011,calendar year,365,365,9.88,365,91.9,2011-10-13,1
lax,2012,calendar year,366,366,8.91,366,98.1,2012-09-15,3
lax,2013,calendar year,365,365,3.65,365,91.9,2013-08-30,5
lax,2014,calendar year,365,365,8.3,365,97.0,2014-05-15,8
lax,2015,calendar year,365,365,5.96,365,99.0,2015-10-10,7
lax,2016,calendar year,366,366,10.3,365,100.9,2016-09-26,
lax,2017,calendar year,365,365,12.28,365,104.0,2017-10-24,12
lax,2018,calendar year,365,365,7.8,365,93.9,2018-08-08,4
lax,2019,calendar year,365,365,18.73,365,98.1,2019-10-24,11
lax,2020,calendar year,366,366,9.04,365,99.0,2020-09-06,
lax,2021,calendar year,365,365,12.1,365,91.0,2021-11-12,2
lax,2022,calendar year,365,365,6.41,364,102.0,2022-09-09,
lax,2023,calendar year,365,365,25.37,365,91.0,2023-10-05,1
lax,2024,calendar year,366,366,15.94,366,102.0,2024-09-06,2
lax,2025,calendar year,365,365,13.18,365,91.0,2025-10-29,1
downtown,1991,calendar year,365,365,15.08,365,107.1,1991-10-10,15
downtown,1992,calendar year,366,366,22.66,366,100.0,1992-09-23,35
downtown,1993,calendar year,365,365,23.5,365,98.1,1993-05-09,19
downtown,1994,calendar year,365,365,8.67,365,104.0,1994-08-12,36
downtown,1995,calendar year,365,365,23.66,365,100.9,1995-07-28,43
downtown,1996,calendar year,366,366,17.75,366,99.0,1996-08-29,27
downtown,1997,calendar year,365,365,10.7,365,100.0,1997-08-05,39
downtown,1998,calendar year,365,365,27.87,365,104.0,1998-09-01,29
downtown,1999,calendar year,365,365,8.06,365,102.0,1999-09-29,16
downtown,2000,calendar year,366,366,11.93,366,99.0,2000-09-12,18
downtown,2001,calendar year,365,365,19.61,365,93.0,2001-04-24,5
downtown,2002,calendar year,365,365,7.36,365,100.9,2002-09-01,11
downtown,2003,calendar year,365,365,13.39,365,97.0,2003-10-21,19
downtown,2004,calendar year,366,366,20.12,366,102.0,2004-04-27,21
downtown,2005,calendar year,365,365,26.61,364,97.0,2005-09-29,
downtown,2006,calendar year,365,365,11.61,365,100.9,2006-07-22,41
downtown,2007,calendar year,365,365,5.67,365,100.9,2007-09-02,21
downtown,2008,calendar year,366,366,14.44,366,100.0,2008-10-01,27
downtown,2009,calendar year,365,365,9.39,365,100.9,2009-08-27,27
downtown,2010,calendar year,365,365,23.1,365,113.0,2010-09-27,25
downtown,2011,calendar year,365,365,12.27,365,99.0,2011-10-12,12
downtown,2012,calendar year,366,366,8.17,366,102.9,2012-09-15,30
downtown,2013,calendar year,365,365,3.61,365,96.1,2013-08-29,18
downtown,2014,calendar year,365,365,9.78,365,102.9,2014-09-16,32
downtown,2015,calendar year,365,365,7.67,365,100.9,2015-09-09,38
downtown,2016,calendar year,366,366,11.81,366,104.0,2016-09-26,25
downtown,2017,calendar year,365,365,13.26,365,104.0,2017-10-24,31
downtown,2018,calendar year,365,365,8.87,365,108.0,2018-07-06,25
downtown,2019,calendar year,365,365,21.56,365,97.0,2019-09-02,27
downtown,2020,calendar year,366,366,9.82,366,111.0,2020-09-06,41
downtown,2021,calendar year,365,365,14.28,365,93.9,2021-09-05,14
downtown,2022,calendar year,365,365,7.19,365,102.9,2022-09-04,19
downtown,2023,calendar year,365,365,29.45,365,96.1,2023-10-05,17
downtown,2024,calendar year,366,366,19.13,366,111.9,2024-09-06,24
downtown,2025,calendar year,365,365,19.75,365,99.0,2025-05-10,30
