id,name,city,address,distanceMiles,distanceBasis,geographyStatus,outsideWork,availabilityEvidence,capabilities,summary,caveat,sources,checkedDate
ES01,General Research & Manufacturing (GRM),Torrance,"3122 Kashiwa Street, Torrance, CA 90505",10,Coarse editorial estimate from public street-address geography relative to El Segundo City Hall; not geocoded or surveyed. Allow roughly +/-2 miles; verify before radius-based procurement.,approximate-within-radius,yes,Advertises turnkey machining services and customer inquiries.,machining | tooling | assembly,"CNC milling and turning; tooling, engineering support and assembly.","Publicly advertised capability, not independently audited. Availability, scope, quote, certifications and suitability require supplier confirmation.",https://grmcompany.com/,2026-10-02
ES02,Omicron Engineering,Torrance,"1513 Plaza del Amo, Torrance, CA 90501",10,Coarse editorial estimate from public street-address geography relative to El Segundo City Hall; not geocoded or surveyed. Allow roughly +/-2 miles; verify before radius-based procurement.,approximate-within-radius,yes,Invites manufacturing-solution inquiries and describes serving customers.,machining | inspection,"Precision CNC components for aerospace, electronics, optics and medical applications.","Publicly advertised capability, not independently audited. Availability, scope, quote, certifications and suitability require supplier confirmation.",https://www.omicron-eng.com/,2026-10-02
ES03,Amratec,Torrance,"1613 Lockness Place, Torrance, CA 90501",10,Coarse editorial estimate from public street-address geography relative to El Segundo City Hall; not geocoded or surveyed. Allow roughly +/-2 miles; verify before radius-based procurement.,approximate-within-radius,yes,Company capabilities page invites customers to discuss manufacturing work.,machining | EDM | grinding | assembly,"Precision machining, EDM, grinding, inspection, assembly and test services.",Official search-indexed page verified; direct page fetch returned a gateway error. Reconfirm live details before RFQ.,https://amratec.com/about/,2026-10-02
ES04,RJ Enterprises,Gardena,"149 E 162nd Street, Gardena, CA 90248",8,Coarse editorial estimate from public street-address geography relative to El Segundo City Hall; not geocoded or surveyed. Allow roughly +/-2 miles; verify before radius-based procurement.,approximate-within-radius,yes,Public RFQ form and customer machining services.,machining | Swiss turning | inspection,"CNC milling, turning, Swiss turning, tooling and dimensional inspection.","Publicly advertised capability, not independently audited. Availability, scope, quote, certifications and suitability require supplier confirmation.",https://www.rjenterprise.net/ | https://www.rjenterprise.net/cnc-machine-shop-el-segundo,2026-10-02
ES05,Beranek Precision,Torrance,"2340 205th Street, Torrance, CA 90501",9,Coarse editorial estimate from public street-address geography relative to El Segundo City Hall; not geocoded or surveyed. Allow roughly +/-2 miles; verify before radius-based procurement.,approximate-within-radius,yes,Public quote contact for in-house machining and supply-chain services.,machining | subassembly | inspection,"Precision-machined components, subassemblies, production engineering and inspection.","Publicly advertised capability, not independently audited. Availability, scope, quote, certifications and suitability require supplier confirmation.",https://www.beranekinc.com/ | https://www.beranekinc.com/contact,2026-10-02
ES06,ACE Clearwater Enterprises,Torrance,"19815 Magellan Drive, Torrance, CA 90502",9,Coarse editorial estimate from public street-address geography relative to El Segundo City Hall; not geocoded or surveyed. Allow roughly +/-2 miles; verify before radius-based procurement.,approximate-within-radius,yes,Publicly offers custom manufacturing for customers.,metal forming | welding | machining | assembly,"Custom formed, welded, machined and assembled metal parts; tooling and inspection.",Multi-site company. Exact process location and current certification scope need confirmation; no equipment floor plan included.,https://aceclearwater.com/,2026-10-02
ES07,3DEO,Torrance,"24225 Garnier Street, Torrance, CA 90505",11,Coarse editorial estimate from public street-address geography relative to El Segundo City Hall; not geocoded or surveyed. Allow roughly +/-2 miles; verify before radius-based procurement.,approximate-within-radius,yes,Public request-a-quote service for metal parts.,metal additive | DfAM | prototyping,Small metal parts using proprietary additive process; design-for-additive and production support.,Use current Torrance contact address rather than older Gardena directory listings.,https://www.3deo.co/ | https://www.3deo.co/media-kit/,2026-10-02
ES08,ACME PCB Assembly,Carson,"161 Selandia Lane, Carson, CA 90746",10,Coarse editorial estimate from public street-address geography relative to El Segundo City Hall; not geocoded or surveyed. Allow roughly +/-2 miles; verify before radius-based procurement.,approximate-within-radius,yes,Identifies itself as an electronic contract manufacturer; public sales/RFQ contact.,electronics | PCBA | prototype assembly,"Electronic contract manufacturing centered on PCB assembly, from prototype to production.","Publicly advertised capability, not independently audited. Availability, scope, quote, certifications and suitability require supplier confirmation.",https://acme-pcbassembly.com/about/ | https://acme-pcbassembly.com/contact-us/,2026-10-02
ES09,Advanced Foam,Gardena,"1745 W 134th Street, Gardena, CA 90249",7,Coarse editorial estimate from public street-address geography relative to El Segundo City Hall; not geocoded or surveyed. Allow roughly +/-2 miles; verify before radius-based procurement.,approximate-within-radius,yes,Public fabrication quote and contact forms.,foam | mockups | packaging,"Custom foam fabrication, scenic models, coating and installation; custom packaging offering.",Useful for nonstructural appearance/ergonomic mockups. Not evidence of structural aircraft-composite qualification.,https://www.advancedfoam.com/ | https://www.advancedfoam.com/contact,2026-10-02
ES10,Nikon AM Synergy,Long Beach,"3550 Carson Street, Long Beach, CA 90808",18,Coarse editorial estimate from public street-address geography relative to El Segundo City Hall; not geocoded or surveyed. Allow roughly +/-2 miles; verify before radius-based procurement.,approximate-within-radius,yes,Public commercial engineering/manufacturing services and client contact.,metal additive | materials qualification | metrology,"Metal additive engineering, process development, production readiness and metrology services.",Formerly Morf3D. Current Long Beach location replaces old El Segundo references. Civil-project fit must be confirmed.,https://amsynergy.nikon.com/ | https://amsynergy.nikon.com/contact-us/ | https://amsynergy.nikon.com/news-careers/,2026-10-02
ES11,Hadrian,Torrance,"19501 S Western Avenue, Torrance, CA 90501",9,Coarse editorial estimate from public street-address geography relative to El Segundo City Hall; not geocoded or surveyed. Allow roughly +/-2 miles; verify before radius-based procurement.,approximate-within-radius,yes,Public RFQ address and customer manufacturing services.,machining | robotics | factory automation,Software-driven precision manufacturing and customer production/supply-chain services.,"Published site address is corporate contact. Do not infer any particular program, facility access or reserved production capacity.",https://www.hadrian.co/contact | https://www.hadrian.co/about,2026-10-02
ES12,GrayMatter Robotics,Carson,"2226 E 223rd Street, Carson, CA 90810",14,Coarse editorial estimate from public street-address geography relative to El Segundo City Hall; not geocoded or surveyed. Allow roughly +/-2 miles; verify before radius-based procurement.,approximate-within-radius,yes,Offers customer automation solutions and demonstrations.,robotics | surface finishing | automation,"Robotic surface-finishing automation, including sanding, grinding, buffing and polishing.",Automation supplier; not assumed to offer standalone contract finishing. Current Carson address supersedes older Gardena privacy-page address.,https://factory.graymatter-robotics.com/contact-us/ | https://graymatter-robotics.com/lp/ | https://www.prnewswire.com/news-releases/graymatter-robotics-unveils-100-000-square-foot-ai-robotics-innovation-center-in-carson-302592147.html,2026-10-02
ES13,Teledyne Relays,Hawthorne,"12525 Daphne Avenue, Hawthorne, CA 90250",5,Coarse editorial estimate from public street-address geography relative to El Segundo City Hall; not geocoded or surveyed. Allow roughly +/-2 miles; verify before radius-based procurement.,approximate-within-radius,yes,Public product sales and representative contacts.,relays | RF switching | electronics,"Electromechanical and solid-state relays, coaxial switches and switch-matrix assemblies.","Product sourcing lead, not a general PCBA or custom aircraft-controls shop.",https://www.teledyne-ade.com/relays,2026-10-02
ES14,Northrop Grumman Microelectronics Products and Services,Redondo Beach,"One Space Park, Redondo Beach, CA 90278",4,Coarse editorial estimate from public street-address geography relative to El Segundo City Hall; not geocoded or surveyed. Allow roughly +/-2 miles; verify before radius-based procurement.,approximate-within-radius,yes,Official page explicitly offers commercial access and sales inquiries.,semiconductors | electronics | foundry,Publicly advertised commercial compound-semiconductor foundry and microelectronics services.,"The yes applies only to the published microelectronics service, not unrestricted access to Space Park or general contract fabrication.",https://www.northropgrumman.com/what-we-do/mission-solutions/microelectronics/microelectronics-space-park,2026-10-02
ES15,Robinson Helicopter Company,Torrance,"2901 Airport Drive, Torrance, CA 90505",11,Coarse editorial estimate from public street-address geography relative to El Segundo City Hall; not geocoded or surveyed. Allow roughly +/-2 miles; verify before radius-based procurement.,approximate-within-radius,unknown,"Public page establishes OEM production, not general third-party build-to-print services.",aircraft manufacture | assembly | inspection,"Designs, manufactures, assembles, inspects and flight-tests its helicopter products in Torrance.","Regional OEM context only. No partnership, manufacturing slot or outsourced aircraft-development access is implied.",https://www.robinsonheli.com/about | https://www.robinsonheli.com/faq,2026-10-02
ES16,Element Materials Technology — Rancho Dominguez,Rancho Dominguez,"18100 S Wilmington Avenue, Rancho Dominguez, CA 90220",11,Coarse editorial estimate from public street-address geography relative to El Segundo City Hall; not geocoded or surveyed. Allow roughly +/-2 miles; verify before radius-based procurement.,approximate-within-radius,yes,Laboratory page offers services to customer organizations.,NDT | materials testing | chemical processing,"Public nondestructive testing, inspection and selected chemical-processing services for components and assemblies.",Request current accreditation scope and exact test method for each part. No certification authority for a complete vehicle is implied.,https://www.element.com/locations/the-americas/rancho-dominguez,2026-10-02
ES17,Techni-Mold & Engineering,Gardena,"1320 W 130th Street, Gardena, CA 90247",8,Coarse editorial estimate from public street-address geography relative to El Segundo City Hall; not geocoded or surveyed. Allow roughly +/-2 miles; verify before radius-based procurement.,approximate-within-radius,yes,Public custom-manufacturing quote service.,plastics | injection molding | tooling | EDM,"Custom plastic injection molding, mold design, CNC/EDM, SLA prototyping and plastic secondary operations.",ISO compliant wording on the page is not treated as independent certification.,https://techni-mold.com/,2026-10-02
ES18,All-Ways Metal,Gardena,"401 E Alondra Boulevard, Gardena, CA 90248",9,Coarse editorial estimate from public street-address geography relative to El Segundo City Hall; not geocoded or surveyed. Allow roughly +/-2 miles; verify before radius-based procurement.,approximate-within-radius,yes,Public quote and customizable fabrication services.,sheet metal | laser cutting | welding | assembly,"Custom sheet-metal fabrication, cutting, forming, welding, machining, assembly and inspection.",Current certification documents and project-specific tolerances should be checked during qualification.,https://allwaysmetal.com/metal-forming-equipment-gardena.html,2026-10-02
ES19,Howmet Aerospace — Torrance Operations,Torrance,"3000 W Lomita Boulevard, Torrance, CA 90505",10,Coarse editorial estimate from public street-address geography relative to El Segundo City Hall; not geocoded or surveyed. Allow roughly +/-2 miles; verify before radius-based procurement.,approximate-within-radius,yes,Official locations page lists manufacturing and sales.,fasteners | inserts | latches,"Manufactures and sells blind fasteners, collars, threaded inserts/studs, latches and panel fasteners.",Commercial product sourcing; custom job-shop availability is unknown.,https://www.howmet.com/united-states/,2026-10-02
ES20,El Camino College,Torrance,"16007 Crenshaw Boulevard, Torrance, CA 90506",6,Coarse editorial estimate from public street-address geography relative to El Segundo City Hall; not geocoded or surveyed. Allow roughly +/-2 miles; verify before radius-based procurement.,approximate-within-radius,unknown,Educational programs verified; outside commercial fabrication is not established.,CNC education | CAM education | workforce,"Machine-tool education covering CNC lathes/mills, CAM, machining and related certificates.","Workforce/education partner candidate, not a supplier or an open-access shop.",https://www.elcamino.edu/academics/areas-of-study/machine-tool-technology.php | https://www.elcamino.edu/contact-us/,2026-10-02
ES21,California State University Long Beach — College of Engineering,Long Beach,"1250 Bellflower Boulevard, Long Beach, CA 90840",22,Coarse editorial estimate from public street-address geography relative to El Segundo City Hall; not geocoded or surveyed. Allow roughly +/-2 miles; verify before radius-based procurement.,boundary-check-required,unknown,Research-lab descriptions support collaboration inquiries; paid outside-job eligibility is not established.,composites | materials research | automation | education,"Public research in polymer/composite processing, materials characterization, product development and automation.",Campus postal address only. No internal lab layout or open-access claim. Verify geocoded radius before boundary-sensitive procurement.,https://www.csulb.edu/hung-family-college-of-engineering/research-centers-labs | https://www.csulb.edu/hung-family-college-of-engineering/academic-advising/contact-us,2026-10-02
ES22,The Aerospace Corporation,El Segundo,"2310 E El Segundo Boulevard, El Segundo, CA 90245",3,Coarse editorial estimate from public street-address geography relative to El Segundo City Hall; not geocoded or surveyed. Allow roughly +/-2 miles; verify before radius-based procurement.,approximate-within-radius,no,Official FFRDC explanation says it does not manufacture products.,systems engineering | research | assurance,Systems engineering and integration research organization supporting the space enterprise.,No means no manufacturing service under this directory definition; research collaborations may have separate eligibility. Current headquarters is Chantilly; El Segundo is a major regional office. Automated link checks were rejected by the source server on 2026-10-02; reconfirm the cited pages directly.,https://aerospace.org/locations | https://aerospace.org/article/value-aerospace-ffrdc,2026-10-02
ES23,Boeing — El Segundo satellite operations,El Segundo,"900 N Pacific Coast Highway, El Segundo, CA 90245",2,Coarse editorial estimate from public street-address geography relative to El Segundo City Hall; not geocoded or surveyed. Allow roughly +/-2 miles; verify before radius-based procurement.,approximate-within-radius,unknown,OEM production is verified; open third-party contract-shop service is not established.,satellite manufacture | assembly | aerospace ecosystem,Current satellite production presence confirmed by Boeing in February 2026.,"Address comes from older city public business record; confirm current visitor/business contact. No facility access, supplier relationship or available capacity implied.",https://www.boeing.com/content/theboeingcompany/us/en/features/2026/02/boeing-expands-satellite-production-to-meet-rising-demand.html | https://www.elsegundolibrary.gov/home/showpublisheddocument/7692/638355717406870000,2026-10-02
